id_monitoreo,id_tiempo,id_metrica,id_area,valor,fuente
1,20180101,1,1,21202242.14,ventas
97,20180101,2,1,771616572.0,compras
193,20180101,3,1,416421.04000000004,nomina
289,20180101,4,1,86899,energia
385,20180101,5,1,12.325801186235168,residuos
512,20180101,7,1,24,eventos_rrhh
608,20180101,8,1,1,eventos_rrhh
704,20180101,9,1,-3541.2799549321626,derivada
705,20180101,10,1,34.7596,derivada
706,20180101,11,1,0.004098575963155187,derivada
707,20180101,12,1,21202242.14,derivada
2,20180201,1,1,20960344.18,ventas
98,20180201,2,1,1291730366.0,compras
194,20180201,3,1,416918.3,nomina
290,20180201,4,1,80921,energia
386,20180201,5,1,11.645375195147324,residuos
513,20180201,7,1,32,eventos_rrhh
609,20180201,8,1,5,eventos_rrhh
708,20180201,9,1,-6064.72359997287,derivada
709,20180201,10,1,32.3684,derivada
710,20180201,11,1,0.0038606713375066346,derivada
711,20180201,12,1,20960344.18,derivada
3,20180301,1,1,23108722.32,ventas
99,20180301,2,1,1281522089.0,compras
195,20180301,3,1,417934.59,nomina
291,20180301,4,1,90398,energia
387,20180301,5,1,11.676344010448721,residuos
514,20180301,7,1,8,eventos_rrhh
610,20180301,8,1,16,eventos_rrhh
712,20180301,9,1,-5447.429259992077,derivada
713,20180301,10,1,36.1592,derivada
714,20180301,11,1,0.003911856257053333,derivada
715,20180301,12,1,23108722.32,derivada
4,20180401,1,1,26818828.47,ventas
100,20180401,2,1,1663785934.0,compras
196,20180401,3,1,417541.67,nomina
292,20180401,4,1,93028,energia
388,20180401,5,1,12.225070517966737,residuos
515,20180401,7,1,8,eventos_rrhh
611,20180401,8,1,9,eventos_rrhh
716,20180401,9,1,-6105.354859298222,derivada
717,20180401,10,1,37.211200000000005,derivada
718,20180401,11,1,0.0034687570377678026,derivada
719,20180401,12,1,26818828.47,derivada
5,20180501,1,1,41108594.95,ventas
101,20180501,2,1,2155376107.0,compras
197,20180501,3,1,414072.95,nomina
293,20180501,4,1,90984,energia
389,20180501,5,1,12.44804319227277,residuos
516,20180501,7,1,48,eventos_rrhh
612,20180501,8,1,7,eventos_rrhh
720,20180501,9,1,-5144.134912837735,derivada
721,20180501,10,1,36.3936,derivada
722,20180501,11,1,0.002213259784496721,derivada
723,20180501,12,1,41108594.95,derivada
6,20180601,1,1,24418449.79,ventas
102,20180601,2,1,907252139.0,compras
198,20180601,3,1,418128.35,nomina
294,20180601,4,1,94332,energia
390,20180601,5,1,12.542154375325728,residuos
481,20180601,6,1,6.957142857142857,encuestas
517,20180601,7,1,40,eventos_rrhh
613,20180601,8,1,0,eventos_rrhh
724,20180601,9,1,-3617.149430680546,derivada
725,20180601,10,1,37.732800000000005,derivada
726,20180601,11,1,0.003863144499804875,derivada
727,20180601,12,1,24418449.79,derivada
7,20180701,1,1,41045233.14,ventas
103,20180701,2,1,2173026216.0,compras
199,20180701,3,1,418321.44,nomina
295,20180701,4,1,93003,energia
391,20180701,5,1,11.89763401910744,residuos
518,20180701,7,1,0,eventos_rrhh
614,20180701,8,1,1,eventos_rrhh
728,20180701,9,1,-5195.242275824481,derivada
729,20180701,10,1,37.2012,derivada
730,20180701,11,1,0.002265866043025721,derivada
731,20180701,12,1,41045233.14,derivada
8,20180801,1,1,23800847.11,ventas
104,20180801,2,1,1237550315.0,compras
200,20180801,3,1,417614.71,nomina
296,20180801,4,1,90071,energia
392,20180801,5,1,12.118344566038038,residuos
519,20180801,7,1,16,eventos_rrhh
615,20180801,8,1,0,eventos_rrhh
732,20180801,9,1,-5101.360791859648,derivada
733,20180801,10,1,36.028400000000005,derivada
734,20180801,11,1,0.003784361102095244,derivada
735,20180801,12,1,23800847.11,derivada
9,20180901,1,1,34849846.53,ventas
105,20180901,2,1,1807742609.0,compras
201,20180901,3,1,415646.54000000004,nomina
297,20180901,4,1,85161,energia
393,20180901,5,1,12.055247985404193,residuos
482,20180901,6,1,,encuestas
520,20180901,7,1,0,eventos_rrhh
616,20180901,8,1,0,eventos_rrhh
736,20180901,9,1,-5088.425303346666,derivada
737,20180901,10,1,34.0644,derivada
738,20180901,11,1,0.002443654950580352,derivada
739,20180901,12,1,34849846.53,derivada
10,20181001,1,1,38966734.97,ventas
106,20181001,2,1,2236262991.0,compras
202,20181001,3,1,416019.53,nomina
298,20181001,4,1,81126,energia
394,20181001,5,1,11.776407239045973,residuos
521,20181001,7,1,32,eventos_rrhh
617,20181001,8,1,0,eventos_rrhh
740,20181001,9,1,-5639.97029069023,derivada
741,20181001,10,1,32.4504,derivada
742,20181001,11,1,0.0020819296269615067,derivada
743,20181001,12,1,38966734.97,derivada
11,20181101,1,1,35514007.37,ventas
107,20181101,2,1,2136756945.0,compras
203,20181101,3,1,415479.78,nomina
299,20181101,4,1,77180,energia
395,20181101,5,1,12.062576982849748,residuos
522,20181101,7,1,24,eventos_rrhh
618,20181101,8,1,5,eventos_rrhh
744,20181101,9,1,-5917.829535580232,derivada
745,20181101,10,1,30.872,derivada
746,20181101,11,1,0.0021732270085970872,derivada
747,20181101,12,1,35514007.37,derivada
12,20181201,1,1,41537400.26,ventas
108,20181201,2,1,2383222913.0,compras
204,20181201,3,1,625232.89,nomina
300,20181201,4,1,79206,energia
396,20181201,5,1,12.495429606429669,residuos
483,20181201,6,1,6.914285714285714,encuestas
523,20181201,7,1,0,eventos_rrhh
619,20181201,8,1,0,eventos_rrhh
748,20181201,9,1,-5639.040312991413,derivada
749,20181201,10,1,31.6824,derivada
750,20181201,11,1,0.0019068598300379044,derivada
751,20181201,12,1,41537400.26,derivada
13,20190101,1,1,36728609.67,ventas
109,20190101,2,1,2226793590.0,compras
205,20190101,3,1,618280.5,nomina
301,20190101,4,1,83887,energia
397,20190101,5,1,12.084753180376312,residuos
524,20190101,7,1,24,eventos_rrhh
620,20190101,8,1,1,eventos_rrhh
752,20190101,9,1,-5964.514531077811,derivada
753,20190101,10,1,33.5548,derivada
754,20190101,11,1,0.0022839688393791573,derivada
755,20190101,12,1,36728609.67,derivada
14,20190201,1,1,36353623.38,ventas
110,20190201,2,1,2200510359.0,compras
206,20190201,3,1,617959.37,nomina
302,20190201,4,1,82656,energia
398,20190201,5,1,12.464453569076356,residuos
525,20190201,7,1,40,eventos_rrhh
621,20190201,8,1,0,eventos_rrhh
756,20190201,9,1,-5954.770099150429,derivada
757,20190201,10,1,33.062400000000004,derivada
758,20190201,11,1,0.002273666069981715,derivada
759,20190201,12,1,36353623.38,derivada
15,20190301,1,1,38677365.22,ventas
111,20190301,2,1,1934797029.0,compras
207,20190301,3,1,665068.71,nomina
303,20190301,4,1,89458,energia
399,20190301,5,1,12.227646791637808,residuos
484,20190301,6,1,,encuestas
526,20190301,7,1,24,eventos_rrhh
622,20190301,8,1,0,eventos_rrhh
760,20190301,9,1,-4904.12085130653,derivada
761,20190301,10,1,35.7832,derivada
762,20190301,11,1,0.0023129290087666424,derivada
763,20190301,12,1,38677365.22,derivada
16,20190401,1,1,45690550.15,ventas
112,20190401,2,1,2524400705.0,compras
208,20190401,3,1,664822.12,nomina
304,20190401,4,1,84861,energia
400,20190401,5,1,11.740334749579537,residuos
527,20190401,7,1,4,eventos_rrhh
623,20190401,8,1,0,eventos_rrhh
764,20190401,9,1,-5426.450259036769,derivada
765,20190401,10,1,33.9444,derivada
766,20190401,11,1,0.0018572987132219943,derivada
767,20190401,12,1,45690550.15,derivada
17,20190501,1,1,61461030.48,ventas
113,20190501,2,1,3605850094.0,compras
209,20190501,3,1,667073.46,nomina
305,20190501,4,1,88223,energia
401,20190501,5,1,11.788448609063417,residuos
528,20190501,7,1,16,eventos_rrhh
624,20190501,8,1,0,eventos_rrhh
768,20190501,9,1,-5767.973802739274,derivada
769,20190501,10,1,35.2892,derivada
770,20190501,11,1,0.0014354298864010847,derivada
771,20190501,12,1,61461030.48,derivada
18,20190601,1,1,43572693.28,ventas
114,20190601,2,1,2624359981.0,compras
210,20190601,3,1,668311.21,nomina
306,20190601,4,1,90221,energia
402,20190601,5,1,11.943293695400515,residuos
485,20190601,6,1,7.25,encuestas
529,20190601,7,1,24,eventos_rrhh
625,20190601,8,1,0,eventos_rrhh
772,20190601,9,1,-5924.48022971969,derivada
773,20190601,10,1,36.0884,derivada
774,20190601,11,1,0.0020705858006122312,derivada
775,20190601,12,1,43572693.28,derivada
19,20190701,1,1,57429606.69,ventas
115,20190701,2,1,3368497784.0,compras
211,20190701,3,1,713447.72,nomina
307,20190701,4,1,90695,energia
403,20190701,5,1,12.389521246924945,residuos
530,20190701,7,1,52,eventos_rrhh
626,20190701,8,1,0,eventos_rrhh
776,20190701,9,1,-5766.679968586077,derivada
777,20190701,10,1,36.278,derivada
778,20190701,11,1,0.0015792377003304879,derivada
779,20190701,12,1,57429606.69,derivada
20,20190801,1,1,41287212.58,ventas
116,20190801,2,1,2047840776.0,compras
212,20190801,3,1,712183.39,nomina
308,20190801,4,1,82516,energia
404,20190801,5,1,12.214850881113604,residuos
531,20190801,7,1,32,eventos_rrhh
627,20190801,8,1,0,eventos_rrhh
780,20190801,9,1,-4861.71291636758,derivada
781,20190801,10,1,33.0064,derivada
782,20190801,11,1,0.001998584909071137,derivada
783,20190801,12,1,41287212.58,derivada
21,20190901,1,1,46360562.99,ventas
117,20190901,2,1,2623346019.0,compras
213,20190901,3,1,712166.72,nomina
309,20190901,4,1,86663,energia
405,20190901,5,1,11.767933386468282,residuos
486,20190901,6,1,,encuestas
532,20190901,7,1,0,eventos_rrhh
628,20190901,8,1,0,eventos_rrhh
784,20190901,9,1,-5560.108541576621,derivada
785,20190901,10,1,34.6652,derivada
786,20190901,11,1,0.0018693258755009782,derivada
787,20190901,12,1,46360562.99,derivada
22,20191001,1,1,56347572.49,ventas
118,20191001,2,1,3498418656.0,compras
214,20191001,3,1,672139.5,nomina
310,20191001,4,1,82881,energia
406,20191001,5,1,12.267048420818801,residuos
533,20191001,7,1,0,eventos_rrhh
629,20191001,8,1,0,eventos_rrhh
788,20191001,9,1,-6109.834143469062,derivada
789,20191001,10,1,33.1524,derivada
790,20191001,11,1,0.0014708885642714933,derivada
791,20191001,12,1,56347572.49,derivada
23,20191101,1,1,62690274.17,ventas
119,20191101,2,1,3701949176.0,compras
215,20191101,3,1,674475.49,nomina
311,20191101,4,1,76940,energia
407,20191101,5,1,12.22427846846319,residuos
534,20191101,7,1,8,eventos_rrhh
630,20191101,8,1,0,eventos_rrhh
792,20191101,9,1,-5806.217033681222,derivada
793,20191101,10,1,30.776,derivada
794,20191101,11,1,0.0012273036131786308,derivada
795,20191101,12,1,62690274.17,derivada
24,20191201,1,1,82656906.62,ventas
120,20191201,2,1,4489382167.0,compras
216,20191201,3,1,1007098.1,nomina
312,20191201,4,1,75903,energia
408,20191201,5,1,12.295704349341104,residuos
487,20191201,6,1,6.5375,encuestas
535,20191201,7,1,44,eventos_rrhh
631,20191201,8,1,0,eventos_rrhh
796,20191201,9,1,-5332.563894199117,derivada
797,20191201,10,1,30.3612,derivada
798,20191201,11,1,0.0009182898695804108,derivada
799,20191201,12,1,82656906.62,derivada
25,20200101,1,1,66492851.44,ventas
121,20200101,2,1,3224271031.0,compras
217,20200101,3,1,1018721.39,nomina
313,20200101,4,1,78155,energia
409,20200101,5,1,12.284685017346893,residuos
536,20200101,7,1,0,eventos_rrhh
632,20200101,8,1,7,eventos_rrhh
800,20200101,9,1,-4750.58120165045,derivada
801,20200101,10,1,31.262,derivada
802,20200101,11,1,0.0011753895089086888,derivada
803,20200101,12,1,66492851.44,derivada
26,20200201,1,1,77536061.02,ventas
122,20200201,2,1,4439396298.0,compras
218,20200201,3,1,1030512.92,nomina
314,20200201,4,1,79596,energia
410,20200201,5,1,11.383514386795616,residuos
537,20200201,7,1,56,eventos_rrhh
633,20200201,8,1,1,eventos_rrhh
804,20200201,9,1,-5626.91822682947,derivada
805,20200201,10,1,31.8384,derivada
806,20200201,11,1,0.0010265674958580711,derivada
807,20200201,12,1,77536061.02,derivada
27,20200301,1,1,2570114.87,ventas
123,20200301,2,1,147013378.0,compras
219,20200301,3,1,956041.48,nomina
315,20200301,4,1,35414,energia
411,20200301,5,1,11.852913795474073,residuos
488,20200301,6,1,,encuestas
538,20200301,7,1,0,eventos_rrhh
634,20200301,8,1,2,eventos_rrhh
808,20200301,9,1,-5657.307628822053,derivada
809,20200301,10,1,14.165600000000001,derivada
810,20200301,11,1,0.01377915065718444,derivada
811,20200301,12,1,2570114.87,derivada
28,20200401,1,1,1772652.24,ventas
124,20200401,2,1,98178501.0,compras
220,20200401,3,1,958083.15,nomina
316,20200401,4,1,37213,energia
412,20200401,5,1,28.35390881201735,residuos
539,20200401,7,1,8,eventos_rrhh
635,20200401,8,1,0,eventos_rrhh
812,20200401,9,1,-5492.556842959791,derivada
813,20200401,10,1,14.885200000000001,derivada
814,20200401,11,1,0.020992837264008423,derivada
815,20200401,12,1,1772652.24,derivada
29,20200501,1,1,5508116.109999999,ventas
125,20200501,2,1,317619001.0,compras
221,20200501,3,1,955871.12,nomina
317,20200501,4,1,36454,energia
413,20200501,5,1,27.25842624527306,residuos
540,20200501,7,1,0,eventos_rrhh
636,20200501,8,1,7,eventos_rrhh
816,20200501,9,1,-5683.735595944074,derivada
817,20200501,10,1,14.5816,derivada
818,20200501,11,1,0.006618233761234203,derivada
819,20200501,12,1,5508116.109999999,derivada
30,20200601,1,1,27097608.68,ventas
126,20200601,2,1,1512422106.0,compras
222,20200601,3,1,961954.88,nomina
318,20200601,4,1,50133,energia
414,20200601,5,1,27.708523552755544,residuos
489,20200601,6,1,5.8375,encuestas
541,20200601,7,1,40,eventos_rrhh
637,20200601,8,1,0,eventos_rrhh
820,20200601,9,1,-5484.935847114019,derivada
821,20200601,10,1,20.0532,derivada
822,20200601,11,1,0.0018500894522475626,derivada
823,20200601,12,1,27097608.68,derivada
31,20200701,1,1,45398548.89,ventas
127,20200701,2,1,2655026241.0,compras
223,20200701,3,1,960793.37,nomina
319,20200701,4,1,60412,energia
415,20200701,5,1,27.796416111802362,residuos
542,20200701,7,1,24,eventos_rrhh
638,20200701,8,1,0,eventos_rrhh
824,20200701,9,1,-5750.378700000779,derivada
825,20200701,10,1,24.1648,derivada
826,20200701,11,1,0.0013307033259229797,derivada
827,20200701,12,1,45398548.89,derivada
32,20200801,1,1,44153516.03,ventas
128,20200801,2,1,2452571249.0,compras
224,20200801,3,1,960504.37,nomina
320,20200801,4,1,63060,energia
416,20200801,5,1,28.437660141186097,residuos
543,20200801,7,1,8,eventos_rrhh
639,20200801,8,1,0,eventos_rrhh
828,20200801,9,1,-5456.820778900039,derivada
829,20200801,10,1,25.224,derivada
830,20200801,11,1,0.001428198831484995,derivada
831,20200801,12,1,44153516.03,derivada
33,20200901,1,1,47954460.06,ventas
129,20200901,2,1,2641248381.0,compras
225,20200901,3,1,1041101.49,nomina
321,20200901,4,1,68096,energia
417,20200901,5,1,29.18198909600112,residuos
490,20200901,6,1,,encuestas
544,20200901,7,1,32,eventos_rrhh
640,20200901,8,1,0,eventos_rrhh
832,20200901,9,1,-5409.997358293684,derivada
833,20200901,10,1,27.238400000000002,derivada
834,20200901,11,1,0.0014200139030821983,derivada
835,20200901,12,1,47954460.06,derivada
34,20201001,1,1,72515663.14,ventas
130,20201001,2,1,3918418336.0,compras
226,20201001,3,1,1041067.71,nomina
322,20201001,4,1,71470,energia
418,20201001,5,1,28.963831354330154,residuos
545,20201001,7,1,52,eventos_rrhh
641,20201001,8,1,0,eventos_rrhh
836,20201001,9,1,-5304.983191207979,derivada
837,20201001,10,1,28.588,derivada
838,20201001,11,1,0.0009855801754445625,derivada
839,20201001,12,1,72515663.14,derivada
35,20201101,1,1,80343072.94,ventas
131,20201101,2,1,4345712844.0,compras
227,20201101,3,1,1119245.1600000001,nomina
323,20201101,4,1,70916,energia
419,20201101,5,1,27.911525208236576,residuos
546,20201101,7,1,48,eventos_rrhh
642,20201101,8,1,12,eventos_rrhh
840,20201101,9,1,-5310.338352886008,derivada
841,20201101,10,1,28.366400000000002,derivada
842,20201101,11,1,0.0008826647700288971,derivada
843,20201101,12,1,80343072.94,derivada
36,20201201,1,1,108143197.61,ventas
132,20201201,2,1,5657703827.0,compras
228,20201201,3,1,1681905.99,nomina
324,20201201,4,1,66389,energia
420,20201201,5,1,27.82337613165319,residuos
491,20201201,6,1,5.7,encuestas
547,20201201,7,1,32,eventos_rrhh
643,20201201,8,1,0,eventos_rrhh
844,20201201,9,1,-5133.233211209094,derivada
845,20201201,10,1,26.555600000000002,derivada
846,20201201,11,1,0.0006138989919589821,derivada
847,20201201,12,1,108143197.61,derivada
37,20210101,1,1,124320230.09,ventas
133,20210101,2,1,6158218386.0,compras
229,20210101,3,1,1525427.81,nomina
325,20210101,4,1,79917,energia
421,20210101,5,1,26.960718926803196,residuos
548,20210101,7,1,76,eventos_rrhh
644,20210101,8,1,0,eventos_rrhh
848,20210101,9,1,-4854.739714808068,derivada
849,20210101,10,1,31.966800000000003,derivada
850,20210101,11,1,0.0006428318218374044,derivada
851,20210101,12,1,124320230.09,derivada
38,20210201,1,1,125550406.68,ventas
134,20210201,2,1,7050078370.0,compras
230,20210201,3,1,1651063.2,nomina
326,20210201,4,1,77597,energia
422,20210201,5,1,28.27771335222761,residuos
549,20210201,7,1,28,eventos_rrhh
645,20210201,8,1,0,eventos_rrhh
852,20210201,9,1,-5516.6520043007795,derivada
853,20210201,10,1,31.038800000000002,derivada
854,20210201,11,1,0.0006180545491802146,derivada
855,20210201,12,1,125550406.68,derivada
39,20210301,1,1,140980815.48,ventas
135,20210301,2,1,7243741936.0,compras
231,20210301,3,1,1648307.62,nomina
327,20210301,4,1,84692,energia
423,20210301,5,1,27.5806381730442,residuos
492,20210301,6,1,,encuestas
550,20210301,7,1,80,eventos_rrhh
646,20210301,8,1,0,eventos_rrhh
856,20210301,9,1,-5039.273892658009,derivada
857,20210301,10,1,33.8768,derivada
858,20210301,11,1,0.0006007342184228938,derivada
859,20210301,12,1,140980815.48,derivada
40,20210401,1,1,154064521.44,ventas
136,20210401,2,1,8934837260.0,compras
232,20210401,3,1,1777970.1199999999,nomina
328,20210401,4,1,92734,energia
424,20210401,5,1,27.6616450676652,residuos
551,20210401,7,1,80,eventos_rrhh
647,20210401,8,1,0,eventos_rrhh
860,20210401,9,1,-5700.566637011455,derivada
861,20210401,10,1,37.0936,derivada
862,20210401,11,1,0.0006019166459171782,derivada
863,20210401,12,1,154064521.44,derivada
41,20210501,1,1,195477588.87,ventas
137,20210501,2,1,9709033655.0,compras
233,20210501,3,1,1771744.79,nomina
329,20210501,4,1,88146,energia
425,20210501,5,1,28.875873721031912,residuos
552,20210501,7,1,76,eventos_rrhh
648,20210501,8,1,1,eventos_rrhh
864,20210501,9,1,-4867.733363157069,derivada
865,20210501,10,1,35.2584,derivada
866,20210501,11,1,0.00045092637222275353,derivada
867,20210501,12,1,195477588.87,derivada
42,20210601,1,1,142087652.0,ventas
138,20210601,2,1,5774278293.0,compras
234,20210601,3,1,1881787.51,nomina
330,20210601,4,1,83682,energia
426,20210601,5,1,28.04422451824182,residuos
493,20210601,6,1,6.866666666666667,encuestas
553,20210601,7,1,64,eventos_rrhh
649,20210601,8,1,2,eventos_rrhh
868,20210601,9,1,-3965.209044702914,derivada
869,20210601,10,1,33.4728,derivada
870,20210601,11,1,0.0005889463216691061,derivada
871,20210601,12,1,142087652.0,derivada
43,20210701,1,1,171824122.33,ventas
139,20210701,2,1,9513203202.0,compras
235,20210701,3,1,1882052.55,nomina
331,20210701,4,1,89577,energia
427,20210701,5,1,28.881240956868098,residuos
554,20210701,7,1,28,eventos_rrhh
650,20210701,8,1,0,eventos_rrhh
872,20210701,9,1,-5437.688844570744,derivada
873,20210701,10,1,35.8308,derivada
874,20210701,11,1,0.0005213295943858291,derivada
875,20210701,12,1,171824122.33,derivada
44,20210801,1,1,148370793.5,ventas
140,20210801,2,1,8692602922.0,compras
236,20210801,3,1,1776158.75,nomina
332,20210801,4,1,87239,energia
428,20210801,5,1,28.4915287152118,residuos
555,20210801,7,1,16,eventos_rrhh
651,20210801,8,1,3,eventos_rrhh
876,20210801,9,1,-5759.899293960439,derivada
877,20210801,10,1,34.8956,derivada
878,20210801,11,1,0.0005879796012548791,derivada
879,20210801,12,1,148370793.5,derivada
45,20210901,1,1,181789461.66,ventas
141,20210901,2,1,10592727792.0,compras
237,20210901,3,1,1917030.0,nomina
333,20210901,4,1,87439,energia
429,20210901,5,1,27.12073190496849,residuos
494,20210901,6,1,,encuestas
556,20210901,7,1,64,eventos_rrhh
652,20210901,8,1,0,eventos_rrhh
880,20210901,9,1,-5727.975244139903,derivada
881,20210901,10,1,34.9756,derivada
882,20210901,11,1,0.0004809904776743152,derivada
883,20210901,12,1,181789461.66,derivada
46,20211001,1,1,181248439.34,ventas
142,20211001,2,1,10882687362.0,compras
238,20211001,3,1,1906119.0,nomina
334,20211001,4,1,85103,energia
430,20211001,5,1,28.61704932278273,residuos
557,20211001,7,1,56,eventos_rrhh
653,20211001,8,1,7,eventos_rrhh
884,20211001,9,1,-5905.344664282503,derivada
885,20211001,10,1,34.0412,derivada
886,20211001,11,1,0.00046953783607679586,derivada
887,20211001,12,1,181248439.34,derivada
47,20211101,1,1,211793406.42,ventas
143,20211101,2,1,11907860422.0,compras
239,20211101,3,1,1904337.2,nomina
335,20211101,4,1,79201,energia
431,20211101,5,1,28.17698682708617,residuos
558,20211101,7,1,36,eventos_rrhh
654,20211101,8,1,0,eventos_rrhh
888,20211101,9,1,-5523.293453990805,derivada
889,20211101,10,1,31.680400000000002,derivada
890,20211101,11,1,0.00037395404011274696,derivada
891,20211101,12,1,211793406.42,derivada
48,20211201,1,1,189435137.75,ventas
144,20211201,2,1,8740580544.0,compras
240,20211201,3,1,2863821.3,nomina
336,20211201,4,1,72437,energia
432,20211201,5,1,27.796066770636767,residuos
495,20211201,6,1,7.3,encuestas
559,20211201,7,1,64,eventos_rrhh
655,20211201,8,1,0,eventos_rrhh
892,20211201,9,1,-4515.534620002144,derivada
893,20211201,10,1,28.974800000000002,derivada
894,20211201,11,1,0.00038238418099389803,derivada
895,20211201,12,1,189435137.75,derivada
49,20220101,1,1,155051918.97,ventas
145,20220101,2,1,9268067810.0,compras
241,20220101,3,1,3115905.1,nomina
337,20220101,4,1,77327,energia
433,20220101,5,1,28.019492320734955,residuos
560,20220101,7,1,36,eventos_rrhh
656,20220101,8,1,0,eventos_rrhh
896,20220101,9,1,-5879.405980066473,derivada
897,20220101,10,1,30.9308,derivada
898,20220101,11,1,0.0004987168202346564,derivada
899,20220101,12,1,155051918.97,derivada
50,20220201,1,1,151936722.71,ventas
146,20220201,2,1,9501086174.0,compras
242,20220201,3,1,3120801.96,nomina
338,20220201,4,1,76561,energia
434,20220201,5,1,27.594098454511823,residuos
561,20220201,7,1,92,eventos_rrhh
657,20220201,8,1,0,eventos_rrhh
900,20220201,9,1,-6155.37184588388,derivada
901,20220201,10,1,30.6244,derivada
902,20220201,11,1,0.0005039005622500569,derivada
903,20220201,12,1,151936722.71,derivada
51,20220301,1,1,145508283.88,ventas
147,20220301,2,1,8577739779.0,compras
243,20220301,3,1,3106472.38,nomina
339,20220301,4,1,76785,energia
435,20220301,5,1,28.863071861152125,residuos
496,20220301,6,1,,encuestas
562,20220301,7,1,68,eventos_rrhh
658,20220301,8,1,0,eventos_rrhh
904,20220301,9,1,-5797.153084738862,derivada
905,20220301,10,1,30.714000000000002,derivada
906,20220301,11,1,0.0005277019146437342,derivada
907,20220301,12,1,145508283.88,derivada
52,20220401,1,1,187772169.62,ventas
148,20220401,2,1,11323488162.0,compras
244,20220401,3,1,3113095.07,nomina
340,20220401,4,1,82970,energia
436,20220401,5,1,27.876304999072957,residuos
563,20220401,7,1,100,eventos_rrhh
659,20220401,8,1,0,eventos_rrhh
908,20220401,9,1,-5932.097983418933,derivada
909,20220401,10,1,33.188,derivada
910,20220401,11,1,0.0004418652677226279,derivada
911,20220401,12,1,187772169.62,derivada
53,20220501,1,1,192016009.13,ventas
149,20220501,2,1,10508939540.0,compras
245,20220501,3,1,2953033.28,nomina
341,20220501,4,1,77324,energia
437,20220501,5,1,28.389744733529664,residuos
564,20220501,7,1,40,eventos_rrhh
660,20220501,8,1,2,eventos_rrhh
912,20220501,9,1,-5374.4875809616315,derivada
913,20220501,10,1,30.9296,derivada
914,20220501,11,1,0.00040269558955185645,derivada
915,20220501,12,1,192016009.13,derivada
54,20220601,1,1,193117145.76,ventas
150,20220601,2,1,10970921154.0,compras
246,20220601,3,1,2960708.66,nomina
342,20220601,4,1,82611,energia
438,20220601,5,1,27.72039247867568,residuos
497,20220601,6,1,7.5249999999999995,encuestas
565,20220601,7,1,24,eventos_rrhh
661,20220601,8,1,0,eventos_rrhh
916,20220601,9,1,-5582.500028401414,derivada
917,20220601,10,1,33.0444,derivada
918,20220601,11,1,0.0004277766206355721,derivada
919,20220601,12,1,193117145.76,derivada
55,20220701,1,1,186060395.44,ventas
151,20220701,2,1,10984279053.0,compras
247,20220701,3,1,3293613.34,nomina
343,20220701,4,1,75642,energia
439,20220701,5,1,28.14338527655819,residuos
566,20220701,7,1,64,eventos_rrhh
662,20220701,8,1,7,eventos_rrhh
920,20220701,9,1,-5805.379616310247,derivada
921,20220701,10,1,30.256800000000002,derivada
922,20220701,11,1,0.0004065454113494708,derivada
923,20220701,12,1,186060395.44,derivada
56,20220801,1,1,185693989.53,ventas
152,20220801,2,1,10588015548.0,compras
248,20220801,3,1,3303100.06,nomina
344,20220801,4,1,81823,energia
440,20220801,5,1,27.291117668656394,residuos
567,20220801,7,1,64,eventos_rrhh
663,20220801,8,1,14,eventos_rrhh
924,20220801,9,1,-5603.641068225801,derivada
925,20220801,10,1,32.7292,derivada
926,20220801,11,1,0.0004406335401974925,derivada
927,20220801,12,1,185693989.53,derivada
57,20220901,1,1,179233451.4,ventas
153,20220901,2,1,10497147315.0,compras
249,20220901,3,1,3309616.02,nomina
345,20220901,4,1,72320,energia
441,20220901,5,1,28.204904393530985,residuos
498,20220901,6,1,,encuestas
568,20220901,7,1,104,eventos_rrhh
664,20220901,8,1,5,eventos_rrhh
928,20220901,9,1,-5758.536366398399,derivada
929,20220901,10,1,28.928,derivada
930,20220901,11,1,0.0004034961076467894,derivada
931,20220901,12,1,179233451.4,derivada
58,20221001,1,1,233361743.08,ventas
154,20221001,2,1,12764724116.0,compras
250,20221001,3,1,3313668.06,nomina
346,20221001,4,1,70891,energia
442,20221001,5,1,29.47822738962491,residuos
569,20221001,7,1,160,eventos_rrhh
665,20221001,8,1,0,eventos_rrhh
932,20221001,9,1,-5371.350023162502,derivada
933,20221001,10,1,28.3564,derivada
934,20221001,11,1,0.000303781584180649,derivada
935,20221001,12,1,233361743.08,derivada
59,20221101,1,1,249026060.58,ventas
155,20221101,2,1,11432445621.0,compras
251,20221101,3,1,3306575.28,nomina
347,20221101,4,1,75746,energia
443,20221101,5,1,28.274878155874344,residuos
570,20221101,7,1,56,eventos_rrhh
666,20221101,8,1,0,eventos_rrhh
936,20221101,9,1,-4492.190941640924,derivada
937,20221101,10,1,30.2984,derivada
938,20221101,11,1,0.0003041689685954233,derivada
939,20221101,12,1,249026060.58,derivada
60,20221201,1,1,244195585.54,ventas
156,20221201,2,1,14218821989.0,compras
252,20221201,3,1,4956432.2,nomina
348,20221201,4,1,64982,energia
444,20221201,5,1,29.46257169047114,residuos
499,20221201,6,1,7.1692307692307695,encuestas
571,20221201,7,1,52,eventos_rrhh
667,20221201,8,1,0,eventos_rrhh
940,20221201,9,1,-5724.748383451059,derivada
941,20221201,10,1,25.992800000000003,derivada
942,20221201,11,1,0.000266106366568022,derivada
943,20221201,12,1,244195585.54,derivada
61,20230101,1,1,304819468.79,ventas
157,20230101,2,1,16541146031.0,compras
253,20230101,3,1,7260519.47,nomina
349,20230101,4,1,63424,energia
445,20230101,5,1,47.21861255814714,residuos
572,20230101,7,1,148,eventos_rrhh
668,20230101,8,1,0,eventos_rrhh
944,20230101,9,1,-5328.920474194098,derivada
945,20230101,10,1,25.369600000000002,derivada
946,20230101,11,1,0.00020807069919702158,derivada
947,20230101,12,1,304819468.79,derivada
62,20230201,1,1,268433159.47,ventas
158,20230201,2,1,11929087373.0,compras
254,20230201,3,1,7273541.640000001,nomina
350,20230201,4,1,72446,energia
446,20230201,5,1,48.56060704828724,residuos
573,20230201,7,1,24,eventos_rrhh
669,20230201,8,1,8,eventos_rrhh
948,20230201,9,1,-4346.678993834964,derivada
949,20230201,10,1,28.9784,derivada
950,20230201,11,1,0.00026988468989091693,derivada
951,20230201,12,1,268433159.47,derivada
63,20230301,1,1,313430771.95,ventas
159,20230301,2,1,16171777856.0,compras
255,20230301,3,1,7265193.92,nomina
351,20230301,4,1,71694,energia
447,20230301,5,1,47.39170914917273,residuos
500,20230301,6,1,,encuestas
574,20230301,7,1,212,eventos_rrhh
670,20230301,8,1,1,eventos_rrhh
952,20230301,9,1,-5061.919153394728,derivada
953,20230301,10,1,28.6776,derivada
954,20230301,11,1,0.00022873950618810642,derivada
955,20230301,12,1,313430771.95,derivada
64,20230401,1,1,353483186.94,ventas
160,20230401,2,1,20947379008.0,compras
256,20230401,3,1,6967998.47,nomina
352,20230401,4,1,76740,energia
448,20230401,5,1,49.15645756232314,residuos
575,20230401,7,1,176,eventos_rrhh
671,20230401,8,1,0,eventos_rrhh
956,20230401,9,1,-5827.961436544019,derivada
957,20230401,10,1,30.696,derivada
958,20230401,11,1,0.00021709660553961735,derivada
959,20230401,12,1,353483186.94,derivada
65,20230501,1,1,477654970.98,ventas
161,20230501,2,1,25435725995.0,compras
257,20230501,3,1,6962305.850000001,nomina
353,20230501,4,1,77839,energia
449,20230501,5,1,49.38932576666559,residuos
576,20230501,7,1,56,eventos_rrhh
672,20230501,8,1,5,eventos_rrhh
960,20230501,9,1,-5226.582961891821,derivada
961,20230501,10,1,31.1356,derivada
962,20230501,11,1,0.00016296072422380216,derivada
963,20230501,12,1,477654970.98,derivada
66,20230601,1,1,340853812.32,ventas
162,20230601,2,1,15923019322.0,compras
258,20230601,3,1,7593345.109999999,nomina
354,20230601,4,1,78894,energia
450,20230601,5,1,46.59057525219955,residuos
501,20230601,6,1,6.792857142857143,encuestas
577,20230601,7,1,88,eventos_rrhh
673,20230601,8,1,0,eventos_rrhh
964,20230601,9,1,-4573.73756469945,derivada
965,20230601,10,1,31.5576,derivada
966,20230601,11,1,0.00023145993135007927,derivada
967,20230601,12,1,340853812.32,derivada
67,20230701,1,1,373990654.46,ventas
163,20230701,2,1,20370220863.0,compras
259,20230701,3,1,7588550.62,nomina
355,20230701,4,1,80714,energia
451,20230701,5,1,48.511134553389475,residuos
578,20230701,7,1,48,eventos_rrhh
674,20230701,8,1,0,eventos_rrhh
968,20230701,9,1,-5348.748296409503,derivada
969,20230701,10,1,32.2856,derivada
970,20230701,11,1,0.0002158182271066154,derivada
971,20230701,12,1,373990654.46,derivada
68,20230801,1,1,372159749.1,ventas
164,20230801,2,1,19380521986.0,compras
260,20230801,3,1,7593575.23,nomina
356,20230801,4,1,68800,energia
452,20230801,5,1,46.22907606371882,residuos
579,20230801,7,1,48,eventos_rrhh
675,20230801,8,1,0,eventos_rrhh
972,20230801,9,1,-5109.621837965174,derivada
973,20230801,10,1,27.52,derivada
974,20230801,11,1,0.00018486684862180868,derivada
975,20230801,12,1,372159749.1,derivada
69,20230901,1,1,307221910.34,ventas
165,20230901,2,1,15221506936.0,compras
261,20230901,3,1,7583818.03,nomina
357,20230901,4,1,78786,energia
453,20230901,5,1,47.56263090625293,residuos
502,20230901,6,1,,encuestas
580,20230901,7,1,104,eventos_rrhh
676,20230901,8,1,0,eventos_rrhh
976,20230901,9,1,-4857.0327640942305,derivada
977,20230901,10,1,31.514400000000002,derivada
978,20230901,11,1,0.0002564465532839379,derivada
979,20230901,12,1,307221910.34,derivada
70,20231001,1,1,434529428.36,ventas
166,20231001,2,1,24618585666.0,compras
262,20231001,3,1,7593696.9,nomina
358,20231001,4,1,70257,energia
454,20231001,5,1,47.637659883284655,residuos
581,20231001,7,1,96,eventos_rrhh
677,20231001,8,1,0,eventos_rrhh
980,20231001,9,1,-5567.321418446633,derivada
981,20231001,10,1,28.102800000000002,derivada
982,20231001,11,1,0.00016168525171048555,derivada
983,20231001,12,1,434529428.36,derivada
71,20231101,1,1,532583218.99,ventas
167,20231101,2,1,30316298827.75,compras
263,20231101,3,1,7573647.08,nomina
359,20231101,4,1,68331,energia
455,20231101,5,1,46.81826800626151,residuos
582,20231101,7,1,48,eventos_rrhh
678,20231101,8,1,0,eventos_rrhh
984,20231101,9,1,-5593.734123342585,derivada
985,20231101,10,1,27.3324,derivada
986,20231101,11,1,0.00012830107589492602,derivada
987,20231101,12,1,532583218.99,derivada
72,20231201,1,1,508898019.72,ventas
168,20231201,2,1,30020000123.875,compras
264,20231201,3,1,11364977.47,nomina
360,20231201,4,1,65977,energia
456,20231201,5,1,47.491986053661634,residuos
503,20231201,6,1,6.971428571428572,encuestas
583,20231201,7,1,76,eventos_rrhh
679,20231201,8,1,0,eventos_rrhh
988,20231201,9,1,-5801.254070092179,derivada
989,20231201,10,1,26.390800000000002,derivada
990,20231201,11,1,0.000129646800426343,derivada
991,20231201,12,1,508898019.72,derivada
73,20240101,1,1,614487587.84,ventas
169,20240101,2,1,41211038427.625,compras
265,20240101,3,1,23533131.68,nomina
361,20240101,4,1,71831,energia
457,20240101,5,1,47.623601324765424,residuos
584,20240101,7,1,108,eventos_rrhh
680,20240101,8,1,0,eventos_rrhh
992,20240101,9,1,-6610.399424705979,derivada
993,20240101,10,1,28.732400000000002,derivada
994,20240101,11,1,0.00011689577042962716,derivada
995,20240101,12,1,614487587.84,derivada
74,20240201,1,1,599824367.78,ventas
170,20240201,2,1,46520187244.625,compras
266,20240201,3,1,27842491.259999998,nomina
362,20240201,4,1,72209,energia
458,20240201,5,1,47.04270340863863,residuos
585,20240201,7,1,108,eventos_rrhh
681,20240201,8,1,3,eventos_rrhh
996,20240201,9,1,-7660.2765469771,derivada
997,20240201,10,1,28.8836,derivada
998,20240201,11,1,0.00012038357205668642,derivada
999,20240201,12,1,599824367.78,derivada
75,20240301,1,1,638414807.77,ventas
171,20240301,2,1,48648891816.625,compras
267,20240301,3,1,26551985.35,nomina
363,20240301,4,1,75911,energia
459,20240301,5,1,46.941344888528334,residuos
504,20240301,6,1,,encuestas
586,20240301,7,1,172,eventos_rrhh
682,20240301,8,1,3,eventos_rrhh
1000,20240301,9,1,-7524.422743576332,derivada
1001,20240301,10,1,30.3644,derivada
1002,20240301,11,1,0.0001189054499928646,derivada
1003,20240301,12,1,638414807.77,derivada
76,20240401,1,1,720777463.15,ventas
172,20240401,2,1,50188009733.625,compras
268,20240401,3,1,26582402.07,nomina
364,20240401,4,1,72491,energia
460,20240401,5,1,47.39289256931906,residuos
587,20240401,7,1,144,eventos_rrhh
683,20240401,8,1,0,eventos_rrhh
1004,20240401,9,1,-6866.726167636142,derivada
1005,20240401,10,1,28.9964,derivada
1006,20240401,11,1,0.00010057334434846779,derivada
1007,20240401,12,1,720777463.15,derivada
77,20240501,1,1,759895892.96,ventas
173,20240501,2,1,40688397420.625,compras
269,20240501,3,1,26637645.0,nomina
365,20240501,4,1,74198,energia
461,20240501,5,1,47.24824758787224,residuos
588,20240501,7,1,188,eventos_rrhh
684,20240501,8,1,0,eventos_rrhh
1008,20240501,9,1,-5257.975407266504,derivada
1009,20240501,10,1,29.6792,derivada
1010,20240501,11,1,9.76423227015726e-05,derivada
1011,20240501,12,1,759895892.96,derivada
78,20240601,1,1,855806076.92,ventas
174,20240601,2,1,48311309654.5,compras
270,20240601,3,1,26667338.55,nomina
366,20240601,4,1,75855,energia
462,20240601,5,1,46.99385385223035,residuos
505,20240601,6,1,7.333333333333333,encuestas
589,20240601,7,1,88,eventos_rrhh
685,20240601,8,1,0,eventos_rrhh
1012,20240601,9,1,-5548.239513210257,derivada
1013,20240601,10,1,30.342000000000002,derivada
1014,20240601,11,1,8.863573424600824e-05,derivada
1015,20240601,12,1,855806076.92,derivada
79,20240701,1,1,852018355.86,ventas
175,20240701,2,1,55253546122.375,compras
271,20240701,3,1,26711208.32,nomina
367,20240701,4,1,79780,energia
463,20240701,5,1,47.45525514568137,residuos
590,20240701,7,1,68,eventos_rrhh
686,20240701,8,1,5,eventos_rrhh
1016,20240701,9,1,-6388.153330323134,derivada
1017,20240701,10,1,31.912000000000003,derivada
1018,20240701,11,1,9.363648030736689e-05,derivada
1019,20240701,12,1,852018355.86,derivada
80,20240801,1,1,689159301.9300001,ventas
176,20240801,2,1,45870569690.625,compras
272,20240801,3,1,30705754.45,nomina
368,20240801,4,1,73851,energia
464,20240801,5,1,46.18356885853345,residuos
591,20240801,7,1,76,eventos_rrhh
687,20240801,8,1,0,eventos_rrhh
1020,20240801,9,1,-6560.473901538853,derivada
1021,20240801,10,1,29.5404,derivada
1022,20240801,11,1,0.00010716100006657279,derivada
1023,20240801,12,1,689159301.9300001,derivada
81,20240901,1,1,691818550.36,ventas
177,20240901,2,1,43310006064.75,compras
273,20240901,3,1,30666279.66,nomina
369,20240901,4,1,74095,energia
465,20240901,5,1,48.86584767261694,residuos
506,20240901,6,1,,encuestas
592,20240901,7,1,124,eventos_rrhh
688,20240901,8,1,1,eventos_rrhh
1024,20240901,9,1,-6164.745621790124,derivada
1025,20240901,10,1,29.638,derivada
1026,20240901,11,1,0.00010710178262991554,derivada
1027,20240901,12,1,691818550.36,derivada
82,20241001,1,1,850009155.99,ventas
178,20241001,2,1,44608737175.625,compras
274,20241001,3,1,30775196.31,nomina
370,20241001,4,1,73426,energia
466,20241001,5,1,48.104439556497,residuos
593,20241001,7,1,68,eventos_rrhh
689,20241001,8,1,7,eventos_rrhh
1028,20241001,9,1,-5151.650768390095,derivada
1029,20241001,10,1,29.3704,derivada
1030,20241001,11,1,8.638259891975072e-05,derivada
1031,20241001,12,1,850009155.99,derivada
83,20241101,1,1,1181595647.67,ventas
179,20241101,2,1,54526278840.25,compras
275,20241101,3,1,30729454.36,nomina
371,20241101,4,1,66266,energia
467,20241101,5,1,47.958872918409675,residuos
594,20241101,7,1,132,eventos_rrhh
690,20241101,8,1,0,eventos_rrhh
1032,20241101,9,1,-4517.231656378517,derivada
1033,20241101,10,1,26.506400000000003,derivada
1034,20241101,11,1,5.608179086531892e-05,derivada
1035,20241101,12,1,1181595647.67,derivada
84,20241201,1,1,1028948350.07,ventas
180,20241201,2,1,47875863483.375,compras
276,20241201,3,1,46199837.04,nomina
372,20241201,4,1,60957,energia
468,20241201,5,1,45.69268056250461,residuos
507,20241201,6,1,7.44375,encuestas
595,20241201,7,1,52,eventos_rrhh
691,20241201,8,1,7,eventos_rrhh
1036,20241201,9,1,-4557.382784777761,derivada
1037,20241201,10,1,24.3828,derivada
1038,20241201,11,1,5.924204066788489e-05,derivada
1039,20241201,12,1,1028948350.07,derivada
85,20250101,1,1,772462117.52,ventas
181,20250101,2,1,49680223263.375,compras
277,20250101,3,1,84562905.97999999,nomina
373,20250101,4,1,65664,energia
469,20250101,5,1,49.34522653017842,residuos
596,20250101,7,1,40,eventos_rrhh
692,20250101,8,1,7,eventos_rrhh
1040,20250101,9,1,-6342.359442703226,derivada
1041,20250101,10,1,26.265600000000003,derivada
1042,20250101,11,1,8.500611034598713e-05,derivada
1043,20250101,12,1,772462117.52,derivada
86,20250201,1,1,616313883.09,ventas
182,20250201,2,1,43256877239.375,compras
278,20250201,3,1,84008212.14,nomina
374,20250201,4,1,65122,energia
470,20250201,5,1,49.313126224933704,residuos
597,20250201,7,1,164,eventos_rrhh
693,20250201,8,1,0,eventos_rrhh
1044,20250201,9,1,-6932.2747289445615,derivada
1045,20250201,10,1,26.0488,derivada
1046,20250201,11,1,0.00010566369148379262,derivada
1047,20250201,12,1,616313883.09,derivada
87,20250301,1,1,806404772.79,ventas
183,20250301,2,1,51612192050.375,compras
279,20250301,3,1,81965559.12,nomina
375,20250301,4,1,70021,energia
471,20250301,5,1,48.454241284606496,residuos
508,20250301,6,1,,encuestas
598,20250301,7,1,60,eventos_rrhh
694,20250301,8,1,0,eventos_rrhh
1048,20250301,9,1,-6310.447873546619,derivada
1049,20250301,10,1,28.0084,derivada
1050,20250301,11,1,8.683108330043892e-05,derivada
1051,20250301,12,1,806404772.79,derivada
88,20250401,1,1,880761294.61,ventas
184,20250401,2,1,63366403656.125,compras
280,20250401,3,1,81825438.97,nomina
376,20250401,4,1,73329,energia
472,20250401,5,1,50.02658501317711,residuos
599,20250401,7,1,88,eventos_rrhh
695,20250401,8,1,0,eventos_rrhh
1052,20250401,9,1,-7103.793977253484,derivada
1053,20250401,10,1,29.3316,derivada
1054,20250401,11,1,8.325638336828821e-05,derivada
1055,20250401,12,1,880761294.61,derivada
89,20250501,1,1,1336314303.78,ventas
185,20250501,2,1,58913804084.0,compras
281,20250501,3,1,82085296.46000001,nomina
377,20250501,4,1,77894,energia
473,20250501,5,1,48.14083266917433,residuos
600,20250501,7,1,132,eventos_rrhh
696,20250501,8,1,14,eventos_rrhh
1056,20250501,9,1,-4314.821364523283,derivada
1057,20250501,10,1,31.157600000000002,derivada
1058,20250501,11,1,5.829017902424835e-05,derivada
1059,20250501,12,1,1336314303.78,derivada
90,20250601,1,1,1072141201.89,ventas
186,20250601,2,1,47679574996.25,compras
282,20250601,3,1,98057888.91,nomina
378,20250601,4,1,75898,energia
474,20250601,5,1,47.47305017725955,residuos
509,20250601,6,1,7.888235294117647,encuestas
601,20250601,7,1,80,eventos_rrhh
697,20250601,8,1,0,eventos_rrhh
1060,20250601,9,1,-4356.281765959211,derivada
1061,20250601,10,1,30.3592,derivada
1062,20250601,11,1,7.079104866616908e-05,derivada
1063,20250601,12,1,1072141201.89,derivada
91,20250701,1,1,1227357869.69,ventas
187,20250701,2,1,55763177561.125,compras
283,20250701,3,1,97699918.75999999,nomina
379,20250701,4,1,76392,energia
475,20250701,5,1,48.43190873569773,residuos
602,20250701,7,1,104,eventos_rrhh
698,20250701,8,1,2,eventos_rrhh
1064,20250701,9,1,-4451.31130531587,derivada
1065,20250701,10,1,30.556800000000003,derivada
1066,20250701,11,1,6.224101534403712e-05,derivada
1067,20250701,12,1,1227357869.69,derivada
92,20250801,1,1,864545108.39,ventas
188,20250801,2,1,57673289504.125,compras
284,20250801,3,1,97977828.21,nomina
380,20250801,4,1,73402,energia
476,20250801,5,1,49.60201487718024,residuos
603,20250801,7,1,128,eventos_rrhh
699,20250801,8,1,0,eventos_rrhh
1068,20250801,9,1,-6582.273344871456,derivada
1069,20250801,10,1,29.3608,derivada
1070,20250801,11,1,8.490245250093769e-05,derivada
1071,20250801,12,1,864545108.39,derivada
93,20250901,1,1,1022986733.96,ventas
189,20250901,2,1,58825843367.0,compras
285,20250901,3,1,98093898.42,nomina
381,20250901,4,1,69698,energia
477,20250901,5,1,46.55590328440535,residuos
510,20250901,6,1,,encuestas
604,20250901,7,1,180,eventos_rrhh
700,20250901,8,1,3,eventos_rrhh
1072,20250901,9,1,-5659.990360512729,derivada
1073,20250901,10,1,27.8792,derivada
1074,20250901,11,1,6.813187081145988e-05,derivada
1075,20250901,12,1,1022986733.96,derivada
94,20251001,1,1,1157509415.67,ventas
190,20251001,2,1,53871401508.125,compras
286,20251001,3,1,98407605.88,nomina
382,20251001,4,1,66453,energia
478,20251001,5,1,47.51247823955013,residuos
605,20251001,7,1,80,eventos_rrhh
701,20251001,8,1,7,eventos_rrhh
1076,20251001,9,1,-4562.580570263932,derivada
1077,20251001,10,1,26.581200000000003,derivada
1078,20251001,11,1,5.741033213240436e-05,derivada
1079,20251001,12,1,1157509415.67,derivada
95,20251101,1,1,1389106825.59,ventas
191,20251101,2,1,58332435106.0,compras
287,20251101,3,1,97967893.41,nomina
383,20251101,4,1,59249,energia
479,20251101,5,1,46.8260077128794,residuos
606,20251101,7,1,60,eventos_rrhh
702,20251101,8,1,0,eventos_rrhh
1080,20251101,9,1,-4106.328982264749,derivada
1081,20251101,10,1,23.6996,derivada
1082,20251101,11,1,4.2652587193814254e-05,derivada
1083,20251101,12,1,1389106825.59,derivada
96,20251201,1,1,1446371535.94,ventas
192,20251201,2,1,64221897166.875,compras
288,20251201,3,1,147255209.69,nomina
384,20251201,4,1,58584,energia
480,20251201,5,1,46.3747572786117,residuos
511,20251201,6,1,7.458823529411765,encuestas
607,20251201,7,1,144,eventos_rrhh
703,20251201,8,1,3,eventos_rrhh
1084,20251201,9,1,-4350.388491275953,derivada
1085,20251201,10,1,23.433600000000002,derivada
1086,20251201,11,1,4.050411567448756e-05,derivada
1087,20251201,12,1,1446371535.94,derivada
